naam,persoon_id,foto_url
Alexander Kops,,https://www.tweedekamer.nl/sites/default/files/styles/kamerlid_portret/public/2022-11/Tweede-Kamer-Logo.jpg
Alisha Müller,,https://www.tweedekamer.nl/sites/default/files/styles/kamerlid_portret/public/2022-11/Tweede-Kamer-Logo.jpg
André Flach,,https://www.tweedekamer.nl/sites/default/files/styles/kamerlid_portret/public/2022-11/Tweede-Kamer-Logo.jpg
André Poortman,,https://www.tweedekamer.nl/sites/default/files/styles/kamerlid_portret/public/2022-11/Tweede-Kamer-Logo.jpg
Ani Zalinyan,,https://www.tweedekamer.nl/sites/default/files/styles/kamerlid_portret/public/2022-11/Tweede-Kamer-Logo.jpg
Annabel Nanninga,,https://www.tweedekamer.nl/sites/default/files/styles/kamerlid_portret/public/2022-11/Tweede-Kamer-Logo.jpg
Anne-Marijke Podt,,https://www.tweedekamer.nl/sites/default/files/styles/kamerlid_portret/public/2022-11/Tweede-Kamer-Logo.jpg
Annelotte Lammers,,https://www.tweedekamer.nl/sites/default/files/styles/kamerlid_portret/public/2022-11/Tweede-Kamer-Logo.jpg
Annette Raijer,,https://www.tweedekamer.nl/sites/default/files/styles/kamerlid_portret/public/2022-11/Tweede-Kamer-Logo.jpg
Anouschka Biekman,,https://www.tweedekamer.nl/sites/default/files/styles/kamerlid_portret/public/2022-11/Tweede-Kamer-Logo.jpg
Arend Kisteman,,https://www.tweedekamer.nl/sites/default/files/styles/kamerlid_portret/public/2022-11/Tweede-Kamer-Logo.jpg
Barbara Kathmann,,https://www.tweedekamer.nl/sites/default/files/styles/kamerlid_portret/public/2022-11/Tweede-Kamer-Logo.jpg
Bart Bikkers,,https://www.tweedekamer.nl/sites/default/files/styles/kamerlid_portret/public/2022-11/Tweede-Kamer-Logo.jpg
Bente Becker,,https://www.tweedekamer.nl/sites/default/files/styles/kamerlid_portret/public/2022-11/Tweede-Kamer-Logo.jpg
Björn Schutz,,https://www.tweedekamer.nl/sites/default/files/styles/kamerlid_portret/public/2022-11/Tweede-Kamer-Logo.jpg
Caroline van der Plas,,https://www.tweedekamer.nl/sites/default/files/styles/kamerlid_portret/public/2022-11/Tweede-Kamer-Logo.jpg
Chris Jansen,,https://www.tweedekamer.nl/sites/default/files/styles/kamerlid_portret/public/2022-11/Tweede-Kamer-Logo.jpg
Chris Stoffer,,https://www.tweedekamer.nl/sites/default/files/styles/kamerlid_portret/public/2022-11/Tweede-Kamer-Logo.jpg
Christine Teunissen,,https://www.tweedekamer.nl/sites/default/files/styles/kamerlid_portret/public/2022-11/Tweede-Kamer-Logo.jpg
Claire Martens-America,,https://www.tweedekamer.nl/sites/default/files/styles/kamerlid_portret/public/2022-11/Tweede-Kamer-Logo.jpg
Corrie van Brenk,,https://www.tweedekamer.nl/sites/default/files/styles/kamerlid_portret/public/2022-11/Tweede-Kamer-Logo.jpg
Daan de Kort,,https://www.tweedekamer.nl/sites/default/files/styles/kamerlid_portret/public/2022-11/Tweede-Kamer-Logo.jpg
Daniël van den Berg,,https://www.tweedekamer.nl/sites/default/files/styles/kamerlid_portret/public/2022-11/Tweede-Kamer-Logo.jpg
Diederik Boomsma,,https://www.tweedekamer.nl/sites/default/files/styles/kamerlid_portret/public/2022-11/Tweede-Kamer-Logo.jpg
Diederik van Dijk,,https://www.tweedekamer.nl/sites/default/files/styles/kamerlid_portret/public/2022-11/Tweede-Kamer-Logo.jpg
Dion Graus,,https://www.tweedekamer.nl/sites/default/files/styles/kamerlid_portret/public/2022-11/Tweede-Kamer-Logo.jpg
Dion Huidekooper,,https://www.tweedekamer.nl/sites/default/files/styles/kamerlid_portret/public/2022-11/Tweede-Kamer-Logo.jpg
Don Ceder,,https://www.tweedekamer.nl/sites/default/files/styles/kamerlid_portret/public/2022-11/Tweede-Kamer-Logo.jpg
Doğukan Ergin,,https://www.tweedekamer.nl/sites/default/files/styles/kamerlid_portret/public/2022-11/Tweede-Kamer-Logo.jpg
Edgar Mulder,,https://www.tweedekamer.nl/sites/default/files/styles/kamerlid_portret/public/2022-11/Tweede-Kamer-Logo.jpg
Elles van Ark,,https://www.tweedekamer.nl/sites/default/files/styles/kamerlid_portret/public/2022-11/Tweede-Kamer-Logo.jpg
Elmar Vlottes,,https://www.tweedekamer.nl/sites/default/files/styles/kamerlid_portret/public/2022-11/Tweede-Kamer-Logo.jpg
Emiel van Dijk,,https://www.tweedekamer.nl/sites/default/files/styles/kamerlid_portret/public/2022-11/Tweede-Kamer-Logo.jpg
Erik van der Maas,,https://www.tweedekamer.nl/sites/default/files/styles/kamerlid_portret/public/2022-11/Tweede-Kamer-Logo.jpg
Erwin Prickaertz,,https://www.tweedekamer.nl/sites/default/files/styles/kamerlid_portret/public/2022-11/Tweede-Kamer-Logo.jpg
Esmah Lahlah,,https://www.tweedekamer.nl/sites/default/files/styles/kamerlid_portret/public/2022-11/Tweede-Kamer-Logo.jpg
Esther Ouwehand,,https://www.tweedekamer.nl/sites/default/files/styles/kamerlid_portret/public/2022-11/Tweede-Kamer-Logo.jpg
Etkin Armut,,https://www.tweedekamer.nl/sites/default/files/styles/kamerlid_portret/public/2022-11/Tweede-Kamer-Logo.jpg
Eveline Tijmstra,,https://www.tweedekamer.nl/sites/default/files/styles/kamerlid_portret/public/2022-11/Tweede-Kamer-Logo.jpg
Fatihya Abdi,,https://www.tweedekamer.nl/sites/default/files/styles/kamerlid_portret/public/2022-11/Tweede-Kamer-Logo.jpg
Fatimazhra Belhirch,,https://www.tweedekamer.nl/sites/default/files/styles/kamerlid_portret/public/2022-11/Tweede-Kamer-Logo.jpg
Felix Klos,,https://www.tweedekamer.nl/sites/default/files/styles/kamerlid_portret/public/2022-11/Tweede-Kamer-Logo.jpg
Femke Wiersma,,https://www.tweedekamer.nl/sites/default/files/styles/kamerlid_portret/public/2022-11/Tweede-Kamer-Logo.jpg
Frederik Jansen,,https://www.tweedekamer.nl/sites/default/files/styles/kamerlid_portret/public/2022-11/Tweede-Kamer-Logo.jpg
Geert Wilders,,https://www.tweedekamer.nl/sites/default/files/styles/kamerlid_portret/public/2022-11/Tweede-Kamer-Logo.jpg
Gideon van Meijeren,,https://www.tweedekamer.nl/sites/default/files/styles/kamerlid_portret/public/2022-11/Tweede-Kamer-Logo.jpg
Gidi Markuszower,,https://www.tweedekamer.nl/sites/default/files/styles/kamerlid_portret/public/2022-11/Tweede-Kamer-Logo.jpg
Habtamu de Hoop,,https://www.tweedekamer.nl/sites/default/files/styles/kamerlid_portret/public/2022-11/Tweede-Kamer-Logo.jpg
Hanneke Steen,,https://www.tweedekamer.nl/sites/default/files/styles/kamerlid_portret/public/2022-11/Tweede-Kamer-Logo.jpg
Hanneke van der Werf,,https://www.tweedekamer.nl/sites/default/files/styles/kamerlid_portret/public/2022-11/Tweede-Kamer-Logo.jpg
Harmen Krul,,https://www.tweedekamer.nl/sites/default/files/styles/kamerlid_portret/public/2022-11/Tweede-Kamer-Logo.jpg
Harry Bevers,,https://www.tweedekamer.nl/sites/default/files/styles/kamerlid_portret/public/2022-11/Tweede-Kamer-Logo.jpg
Heera Dijk,,https://www.tweedekamer.nl/sites/default/files/styles/kamerlid_portret/public/2022-11/Tweede-Kamer-Logo.jpg
Henk Jumelet,,https://www.tweedekamer.nl/sites/default/files/styles/kamerlid_portret/public/2022-11/Tweede-Kamer-Logo.jpg
Henk Vermeer,,https://www.tweedekamer.nl/sites/default/files/styles/kamerlid_portret/public/2022-11/Tweede-Kamer-Logo.jpg
Henk-Jan Osterhaus,,https://www.tweedekamer.nl/sites/default/files/styles/kamerlid_portret/public/2022-11/Tweede-Kamer-Logo.jpg
Henri Bontenbal,,https://www.tweedekamer.nl/sites/default/files/styles/kamerlid_portret/public/2022-11/Tweede-Kamer-Logo.jpg
Hidde Heutink,,https://www.tweedekamer.nl/sites/default/files/styles/kamerlid_portret/public/2022-11/Tweede-Kamer-Logo.jpg
Hilde Wendel,,https://www.tweedekamer.nl/sites/default/files/styles/kamerlid_portret/public/2022-11/Tweede-Kamer-Logo.jpg
Ilana Rooderkerk,,https://www.tweedekamer.nl/sites/default/files/styles/kamerlid_portret/public/2022-11/Tweede-Kamer-Logo.jpg
Ines Kostić,,https://www.tweedekamer.nl/sites/default/files/styles/kamerlid_portret/public/2022-11/Tweede-Kamer-Logo.jpg
Inge van Dijk,,https://www.tweedekamer.nl/sites/default/files/styles/kamerlid_portret/public/2022-11/Tweede-Kamer-Logo.jpg
Ingrid Coenradie,,https://www.tweedekamer.nl/sites/default/files/styles/kamerlid_portret/public/2022-11/Tweede-Kamer-Logo.jpg
Ingrid Michon-Derkzen,,https://www.tweedekamer.nl/sites/default/files/styles/kamerlid_portret/public/2022-11/Tweede-Kamer-Logo.jpg
Ismail el Abassi,,https://www.tweedekamer.nl/sites/default/files/styles/kamerlid_portret/public/2022-11/Tweede-Kamer-Logo.jpg
Jan Arie Koorevaar,,https://www.tweedekamer.nl/sites/default/files/styles/kamerlid_portret/public/2022-11/Tweede-Kamer-Logo.jpg
Jan Paternotte,,https://www.tweedekamer.nl/sites/default/files/styles/kamerlid_portret/public/2022-11/Tweede-Kamer-Logo.jpg
Jan Schoonis,,https://www.tweedekamer.nl/sites/default/files/styles/kamerlid_portret/public/2022-11/Tweede-Kamer-Logo.jpg
Jan Struijs,,https://www.tweedekamer.nl/sites/default/files/styles/kamerlid_portret/public/2022-11/Tweede-Kamer-Logo.jpg
Jantine Zwinkels,,https://www.tweedekamer.nl/sites/default/files/styles/kamerlid_portret/public/2022-11/Tweede-Kamer-Logo.jpg
Jeltje Straatman,,https://www.tweedekamer.nl/sites/default/files/styles/kamerlid_portret/public/2022-11/Tweede-Kamer-Logo.jpg
Jeremy Mooiman,,https://www.tweedekamer.nl/sites/default/files/styles/kamerlid_portret/public/2022-11/Tweede-Kamer-Logo.jpg
Jesse Klaver,,https://www.tweedekamer.nl/sites/default/files/styles/kamerlid_portret/public/2022-11/Tweede-Kamer-Logo.jpg
Jimmy Dijk,,https://www.tweedekamer.nl/sites/default/files/styles/kamerlid_portret/public/2022-11/Tweede-Kamer-Logo.jpg
Joost Eerdmans,,https://www.tweedekamer.nl/sites/default/files/styles/kamerlid_portret/public/2022-11/Tweede-Kamer-Logo.jpg
Joost Sneller,,https://www.tweedekamer.nl/sites/default/files/styles/kamerlid_portret/public/2022-11/Tweede-Kamer-Logo.jpg
Joris Lohman,,https://www.tweedekamer.nl/sites/default/files/styles/kamerlid_portret/public/2022-11/Tweede-Kamer-Logo.jpg
Judith Bühler,,https://www.tweedekamer.nl/sites/default/files/styles/kamerlid_portret/public/2022-11/Tweede-Kamer-Logo.jpg
Julian Bushoff,,https://www.tweedekamer.nl/sites/default/files/styles/kamerlid_portret/public/2022-11/Tweede-Kamer-Logo.jpg
Jurgen Nobel,,https://www.tweedekamer.nl/sites/default/files/styles/kamerlid_portret/public/2022-11/Tweede-Kamer-Logo.jpg
Kati Piri,,https://www.tweedekamer.nl/sites/default/files/styles/kamerlid_portret/public/2022-11/Tweede-Kamer-Logo.jpg
Laura Bromet,,https://www.tweedekamer.nl/sites/default/files/styles/kamerlid_portret/public/2022-11/Tweede-Kamer-Logo.jpg
Laurens Dassen,,https://www.tweedekamer.nl/sites/default/files/styles/kamerlid_portret/public/2022-11/Tweede-Kamer-Logo.jpg
Lidewij de Vos,,https://www.tweedekamer.nl/sites/default/files/styles/kamerlid_portret/public/2022-11/Tweede-Kamer-Logo.jpg
Lisa Vliegenhart,,https://www.tweedekamer.nl/sites/default/files/styles/kamerlid_portret/public/2022-11/Tweede-Kamer-Logo.jpg
Lisa Westerveld,,https://www.tweedekamer.nl/sites/default/files/styles/kamerlid_portret/public/2022-11/Tweede-Kamer-Logo.jpg
Luc Stultiens,,https://www.tweedekamer.nl/sites/default/files/styles/kamerlid_portret/public/2022-11/Tweede-Kamer-Logo.jpg
Luciënne Boelsma-Hoekstra,,https://www.tweedekamer.nl/sites/default/files/styles/kamerlid_portret/public/2022-11/Tweede-Kamer-Logo.jpg
Maarten Goudzwaard,,https://www.tweedekamer.nl/sites/default/files/styles/kamerlid_portret/public/2022-11/Tweede-Kamer-Logo.jpg
Maes van Lanschot,,https://www.tweedekamer.nl/sites/default/files/styles/kamerlid_portret/public/2022-11/Tweede-Kamer-Logo.jpg
Mahjoub Mathlouti,,https://www.tweedekamer.nl/sites/default/files/styles/kamerlid_portret/public/2022-11/Tweede-Kamer-Logo.jpg
Maikel Boon,,https://www.tweedekamer.nl/sites/default/files/styles/kamerlid_portret/public/2022-11/Tweede-Kamer-Logo.jpg
Marc Vervuurt,,https://www.tweedekamer.nl/sites/default/files/styles/kamerlid_portret/public/2022-11/Tweede-Kamer-Logo.jpg
Marieke Vellinga-Beemsterboer,,https://www.tweedekamer.nl/sites/default/files/styles/kamerlid_portret/public/2022-11/Tweede-Kamer-Logo.jpg
Marijke Synhaeve,,https://www.tweedekamer.nl/sites/default/files/styles/kamerlid_portret/public/2022-11/Tweede-Kamer-Logo.jpg
Marina Vondeling,,https://www.tweedekamer.nl/sites/default/files/styles/kamerlid_portret/public/2022-11/Tweede-Kamer-Logo.jpg
Mariëtte Patijn,,https://www.tweedekamer.nl/sites/default/files/styles/kamerlid_portret/public/2022-11/Tweede-Kamer-Logo.jpg
Marjolein Faber,,https://www.tweedekamer.nl/sites/default/files/styles/kamerlid_portret/public/2022-11/Tweede-Kamer-Logo.jpg
Marjolein Moorman,,https://www.tweedekamer.nl/sites/default/files/styles/kamerlid_portret/public/2022-11/Tweede-Kamer-Logo.jpg
Martin Bosma,,https://www.tweedekamer.nl/sites/default/files/styles/kamerlid_portret/public/2022-11/Tweede-Kamer-Logo.jpg
Martin de Beer,,https://www.tweedekamer.nl/sites/default/files/styles/kamerlid_portret/public/2022-11/Tweede-Kamer-Logo.jpg
Michelle Jagtenberg,,https://www.tweedekamer.nl/sites/default/files/styles/kamerlid_portret/public/2022-11/Tweede-Kamer-Logo.jpg
Michiel Hoogeveen,,https://www.tweedekamer.nl/sites/default/files/styles/kamerlid_portret/public/2022-11/Tweede-Kamer-Logo.jpg
Mikal Tseggai,,https://www.tweedekamer.nl/sites/default/files/styles/kamerlid_portret/public/2022-11/Tweede-Kamer-Logo.jpg
Mirjam Bikker,,https://www.tweedekamer.nl/sites/default/files/styles/kamerlid_portret/public/2022-11/Tweede-Kamer-Logo.jpg
Mohammed Mohandis,,https://www.tweedekamer.nl/sites/default/files/styles/kamerlid_portret/public/2022-11/Tweede-Kamer-Logo.jpg
Mona Keijzer,,https://www.tweedekamer.nl/sites/default/files/styles/kamerlid_portret/public/2022-11/Tweede-Kamer-Logo.jpg
Mpanzu Bamenga,,https://www.tweedekamer.nl/sites/default/files/styles/kamerlid_portret/public/2022-11/Tweede-Kamer-Logo.jpg
Nicole Maes,,https://www.tweedekamer.nl/sites/default/files/styles/kamerlid_portret/public/2022-11/Tweede-Kamer-Logo.jpg
Nicole Moinat,,https://www.tweedekamer.nl/sites/default/files/styles/kamerlid_portret/public/2022-11/Tweede-Kamer-Logo.jpg
Ouafa Oualhajd,,https://www.tweedekamer.nl/sites/default/files/styles/kamerlid_portret/public/2022-11/Tweede-Kamer-Logo.jpg
Pepijn van Houwelingen,,https://www.tweedekamer.nl/sites/default/files/styles/kamerlid_portret/public/2022-11/Tweede-Kamer-Logo.jpg
Peter de Groot,,https://www.tweedekamer.nl/sites/default/files/styles/kamerlid_portret/public/2022-11/Tweede-Kamer-Logo.jpg
Peter van Duijvendoorde,,https://www.tweedekamer.nl/sites/default/files/styles/kamerlid_portret/public/2022-11/Tweede-Kamer-Logo.jpg
Pieter Grinwis,,https://www.tweedekamer.nl/sites/default/files/styles/kamerlid_portret/public/2022-11/Tweede-Kamer-Logo.jpg
Queeny Rajkowski,,https://www.tweedekamer.nl/sites/default/files/styles/kamerlid_portret/public/2022-11/Tweede-Kamer-Logo.jpg
Rachel van Meetelen,,https://www.tweedekamer.nl/sites/default/files/styles/kamerlid_portret/public/2022-11/Tweede-Kamer-Logo.jpg
Ralf Dekker,,https://www.tweedekamer.nl/sites/default/files/styles/kamerlid_portret/public/2022-11/Tweede-Kamer-Logo.jpg
Ranjith Clemminck,,https://www.tweedekamer.nl/sites/default/files/styles/kamerlid_portret/public/2022-11/Tweede-Kamer-Logo.jpg
Raymond de Roon,,https://www.tweedekamer.nl/sites/default/files/styles/kamerlid_portret/public/2022-11/Tweede-Kamer-Logo.jpg
Renate den Hollander,,https://www.tweedekamer.nl/sites/default/files/styles/kamerlid_portret/public/2022-11/Tweede-Kamer-Logo.jpg
Renilde Huizenga,,https://www.tweedekamer.nl/sites/default/files/styles/kamerlid_portret/public/2022-11/Tweede-Kamer-Logo.jpg
René Claassen,,https://www.tweedekamer.nl/sites/default/files/styles/kamerlid_portret/public/2022-11/Tweede-Kamer-Logo.jpg
Robert van Asten,,https://www.tweedekamer.nl/sites/default/files/styles/kamerlid_portret/public/2022-11/Tweede-Kamer-Logo.jpg
Robin van Leijen,,https://www.tweedekamer.nl/sites/default/files/styles/kamerlid_portret/public/2022-11/Tweede-Kamer-Logo.jpg
Ruben Brekelmans,,https://www.tweedekamer.nl/sites/default/files/styles/kamerlid_portret/public/2022-11/Tweede-Kamer-Logo.jpg
Sandra Beckerman,,https://www.tweedekamer.nl/sites/default/files/styles/kamerlid_portret/public/2022-11/Tweede-Kamer-Logo.jpg
Sarah Dobbe,,https://www.tweedekamer.nl/sites/default/files/styles/kamerlid_portret/public/2022-11/Tweede-Kamer-Logo.jpg
Sarah El Boujdaini,,https://www.tweedekamer.nl/sites/default/files/styles/kamerlid_portret/public/2022-11/Tweede-Kamer-Logo.jpg
Sarath Hamstra,,https://www.tweedekamer.nl/sites/default/files/styles/kamerlid_portret/public/2022-11/Tweede-Kamer-Logo.jpg
Sebastiaan Stöteler,,https://www.tweedekamer.nl/sites/default/files/styles/kamerlid_portret/public/2022-11/Tweede-Kamer-Logo.jpg
Shanna Schilder,,https://www.tweedekamer.nl/sites/default/files/styles/kamerlid_portret/public/2022-11/Tweede-Kamer-Logo.jpg
Simon Ceulemans,,https://www.tweedekamer.nl/sites/default/files/styles/kamerlid_portret/public/2022-11/Tweede-Kamer-Logo.jpg
Sjoukje van Oosterhout,,https://www.tweedekamer.nl/sites/default/files/styles/kamerlid_portret/public/2022-11/Tweede-Kamer-Logo.jpg
Songül Mutluer,,https://www.tweedekamer.nl/sites/default/files/styles/kamerlid_portret/public/2022-11/Tweede-Kamer-Logo.jpg
Stephan Neijenhuiis,,https://www.tweedekamer.nl/sites/default/files/styles/kamerlid_portret/public/2022-11/Tweede-Kamer-Logo.jpg
Stephan van Baarle,,https://www.tweedekamer.nl/sites/default/files/styles/kamerlid_portret/public/2022-11/Tweede-Kamer-Logo.jpg
Suzanne Kröger,,https://www.tweedekamer.nl/sites/default/files/styles/kamerlid_portret/public/2022-11/Tweede-Kamer-Logo.jpg
Tamara ten Hove,,https://www.tweedekamer.nl/sites/default/files/styles/kamerlid_portret/public/2022-11/Tweede-Kamer-Logo.jpg
Thom van Campen,,https://www.tweedekamer.nl/sites/default/files/styles/kamerlid_portret/public/2022-11/Tweede-Kamer-Logo.jpg
Tijs van den Brink,,https://www.tweedekamer.nl/sites/default/files/styles/kamerlid_portret/public/2022-11/Tweede-Kamer-Logo.jpg
Tom Russcher,,https://www.tweedekamer.nl/sites/default/files/styles/kamerlid_portret/public/2022-11/Tweede-Kamer-Logo.jpg
Tom van der Lee,,https://www.tweedekamer.nl/sites/default/files/styles/kamerlid_portret/public/2022-11/Tweede-Kamer-Logo.jpg
Tony van Dijck,,https://www.tweedekamer.nl/sites/default/files/styles/kamerlid_portret/public/2022-11/Tweede-Kamer-Logo.jpg
Ulaş Köse,,https://www.tweedekamer.nl/sites/default/files/styles/kamerlid_portret/public/2022-11/Tweede-Kamer-Logo.jpg
Ulysse Ellian,,https://www.tweedekamer.nl/sites/default/files/styles/kamerlid_portret/public/2022-11/Tweede-Kamer-Logo.jpg
Vicky Maeijer,,https://www.tweedekamer.nl/sites/default/files/styles/kamerlid_portret/public/2022-11/Tweede-Kamer-Logo.jpg
Wendy van Eijk,,https://www.tweedekamer.nl/sites/default/files/styles/kamerlid_portret/public/2022-11/Tweede-Kamer-Logo.jpg
Wieke Paulusma,,https://www.tweedekamer.nl/sites/default/files/styles/kamerlid_portret/public/2022-11/Tweede-Kamer-Logo.jpg
Wim Meulenkamp,,https://www.tweedekamer.nl/sites/default/files/styles/kamerlid_portret/public/2022-11/Tweede-Kamer-Logo.jpg
